"Drug_name","OR","95.CI","Pvalue","ac"
"GADOTERIDOL",5.57,"(4.95, 6.25)","2.88e-128",136860
"GADOVERSETAMIDE",5.49,"(4.93, 6.11)","1.05e-149",136860
"CHLORHEXIDINE",5.48,"(5.01, 5.99)","1.20e-214",136860
"PENICILLIN V",4.77,"(4.23, 5.38)","1.30e-101",136860
"ROSUVASTATIN",4.59,"(4.48, 4.71)","0.00e+00",136860
"GEMFIBROZIL",4.47,"(4.19, 4.76)","0.00e+00",136860
"EZETIMIBE",4.42,"(4.28, 4.55)","0.00e+00",136860
"FLUVASTATIN",4.29,"(3.93, 4.69)","5.14e-165",136860
"NICORANDIL",4.12,"(3.57, 4.74)","4.75e-63",136860
"GADODIAMIDE",4.09,"(3.73, 4.48)","1.33e-145",136860
"METAXALONE",4.06,"(3.72, 4.43)","5.56e-157",136860
"SIMVASTATIN",3.98,"(3.91, 4.06)","0.00e+00",136860
"ATORVASTATIN",3.85,"(3.78, 3.93)","0.00e+00",136860
"FULVESTRANT",3.83,"(3.42, 4.29)","2.52e-88",136860
"COLESEVELAM",3.64,"(3.2, 4.12)","1.24e-67",136860
"PAMIDRONATE",3.59,"(3.4, 3.78)","0.00e+00",136860
"RANOLAZINE",3.52,"(3.03, 4.08)","1.79e-46",136860
"QUININE",3.43,"(3.11, 3.77)","1.00e-103",136860
"GADOBENATE DIMEGLUMINE",3.36,"(3.01, 3.75)","4.80e-78",136860
"CEPHALEXIN",3.25,"(3.04, 3.48)","7.02e-191",136860
"KETOCONAZOLE",3.23,"(2.85, 3.64)","9.34e-60",136860
"CALCIUM ACETATE",3.2,"(2.89, 3.55)","1.52e-83",136860
"METHOCARBAMOL",3.19,"(2.86, 3.55)","2.03e-76",136860
"MIDODRINE",3.16,"(2.63, 3.76)","4.46e-29",136860
"SEVELAMER",3.13,"(2.87, 3.4)","1.81e-116",136860
"BEZAFIBRATE",3.13,"(2.61, 3.72)","4.45e-29",136860
"DAPTOMYCIN",3.11,"(2.75, 3.51)","3.84e-58",136860
"FENOFIBRATE",3.09,"(2.95, 3.22)","0.00e+00",136860
"DALFAMPRIDINE",3.03,"(2.69, 3.41)","2.42e-59",136860
"PITAVASTATIN",3.02,"(2.56, 3.55)","2.64e-32",136860
"VITAMIN E",2.93,"(2.75, 3.11)","3.68e-200",136860
"MIFEPRISTONE",2.86,"(2.4, 3.39)","1.19e-26",136860
"SALMON CALCITONIN",2.84,"(2.51, 3.21)","1.04e-48",136860
"CYCLOBENZAPRINE",2.83,"(2.69, 2.98)","1.72e-265",136860
"CALCIUM",2.82,"(2.72, 2.92)","0.00e+00",136860
"ALITRETINOIN",2.8,"(2.27, 3.41)","5.53e-19",136860
"TETRACYCLINE",2.77,"(2.3, 3.3)","3.70e-23",136860
"CHOLESTYRAMINE",2.76,"(2.39, 3.18)","5.88e-36",136860
"OLOPATADINE",2.76,"(2.24, 3.38)","3.59e-18",136860
"ZINC",2.76,"(2.35, 3.22)","1.60e-29",136860
"LIOTHYRONINE",2.75,"(2.35, 3.21)","4.00e-30",136860
"FLUNISOLIDE",2.75,"(2.29, 3.29)","7.42e-23",136860
"TIZANIDINE",2.75,"(2.54, 2.96)","3.76e-116",136860
"FLURAZEPAM",2.73,"(2.28, 3.26)","5.81e-23",136860
"COLCHICINE",2.71,"(2.46, 2.97)","8.36e-75",136860
"LOVASTATIN",2.69,"(2.51, 2.88)","5.00e-144",136860
"TERIPARATIDE",2.68,"(2.6, 2.77)","0.00e+00",136860
"AZELASTINE",2.67,"(2.3, 3.09)","5.27e-31",136860
"TIAGABINE",2.67,"(2.13, 3.3)","2.15e-15",136860
"PRAVASTATIN",2.64,"(2.53, 2.75)","0.00e+00",136860
"VITAMIN D",2.63,"(2.54, 2.73)","0.00e+00",136860
"IBANDRONATE",2.63,"(2.49, 2.76)","1.67e-233",136860
"FLUDROCORTISONE",2.62,"(2.25, 3.05)","3.42e-29",136860
"BOTULINUM TOXIN TYPE A",2.62,"(2.47, 2.79)","3.70e-166",136860
"GLUCOSAMINE",2.62,"(2.39, 2.87)","1.54e-76",136860
"LETROZOLE",2.61,"(2.42, 2.81)","4.87e-109",136860
"LEVOFLOXACIN",2.61,"(2.51, 2.71)","0.00e+00",136860
"CLOTRIMAZOLE",2.61,"(2.29, 2.95)","5.80e-40",136860
"ERYTHROMYCIN",2.58,"(2.33, 2.85)","6.75e-61",136860
"CARISOPRODOL",2.57,"(2.39, 2.75)","2.55e-119",136860
"BIOTIN",2.52,"(2.04, 3.1)","3.75e-15",136860
"NORTRIPTYLINE",2.48,"(2.25, 2.73)","7.37e-62",136860
"METOLAZONE",2.47,"(2.21, 2.76)","3.99e-47",136860
"CALCIUM CITRATE",2.47,"(1.98, 3.04)","5.19e-14",136860
"DOXYCYCLINE",2.46,"(2.28, 2.65)","1.35e-97",136860
"OXAPROZIN",2.45,"(1.94, 3.06)","2.23e-12",136860
"DENOSUMAB",2.45,"(2.25, 2.66)","9.55e-76",136860
"TRIAMCINOLONE",2.44,"(2.28, 2.62)","3.50e-112",136860
"HYOSCYAMINE",2.42,"(2.07, 2.82)","2.91e-24",136860
"BACLOFEN",2.42,"(2.31, 2.53)","1.67e-246",136860
"GADOPENTETATE DIMEGLUMINE",2.42,"(2.23, 2.62)","1.39e-81",136860
"CLARITHROMYCIN",2.41,"(2.27, 2.56)","3.51e-146",136860
"TRIAMTERENE",2.4,"(2.25, 2.55)","5.84e-131",136860
"ZOLEDRONATE",2.4,"(2.32, 2.47)","0.00e+00",136860
"ALENDRONATE",2.39,"(2.32, 2.46)","0.00e+00",136860
"MECLIZINE",2.39,"(2.15, 2.64)","3.04e-52",136860
"LUBIPROSTONE",2.38,"(1.96, 2.87)","3.87e-16",136860
"PROPOXYPHENE",2.37,"(2.2, 2.55)","1.93e-94",136860
"VITAMIN B",2.34,"(1.89, 2.87)","1.83e-13",136860
"EXEMESTANE",2.34,"(2.11, 2.59)","1.39e-48",136860
"NORFLOXACIN",2.34,"(1.91, 2.84)","1.60e-14",136860
"NYSTATIN",2.34,"(2.14, 2.55)","3.06e-66",136860
"NABUMETONE",2.29,"(2.04, 2.57)","4.96e-38",136860
"ALGLUCOSIDASE ALFA",2.29,"(1.89, 2.76)","6.04e-15",136860
"CINACALCET",2.29,"(2.03, 2.57)","1.26e-35",136860
"FISH OIL",2.28,"(2.16, 2.41)","2.10e-150",136860
"CALCITRIOL",2.28,"(2.09, 2.48)","2.09e-65",136860
"BENZONATATE",2.27,"(1.93, 2.64)","1.78e-20",136860
"CLINDAMYCIN",2.27,"(2.09, 2.45)","2.67e-75",136860
"KETOROLAC",2.26,"(2.01, 2.54)","1.16e-35",136860
"NITROFURANTOIN",2.26,"(2.04, 2.49)","1.93e-47",136860
"VITAMIN A",2.26,"(1.9, 2.66)","2.01e-18",136860
"RALOXIFENE",2.25,"(2.1, 2.42)","1.35e-90",136860
"RISEDRONATE",2.25,"(2.13, 2.38)","2.14e-147",136860
"ANASTROZOLE",2.24,"(2.09, 2.39)","5.52e-103",136860
"HYDROMORPHONE",2.22,"(2.08, 2.38)","3.92e-100",136860
"VITAMIN C",2.2,"(2.08, 2.33)","3.08e-138",136860
"DIPHENOXYLATE",2.19,"(1.94, 2.45)","1.55e-32",136860
"ISOSORBIDE MONONITRATE",2.18,"(2.04, 2.32)","2.00e-100",136860
"MEFLOQUINE",2.18,"(1.7, 2.75)","2.47e-09",136860
"EPOETIN ALFA",2.18,"(2.06, 2.3)","5.67e-135",136860
"IVERMECTIN",2.17,"(1.78, 2.62)","3.73e-13",136860
"ERGOCALCIFEROL",2.17,"(1.91, 2.46)","1.57e-28",136860
"HYDRALAZINE",2.17,"(1.95, 2.4)","1.43e-40",136860
"GABAPENTIN",2.16,"(2.09, 2.22)","0.00e+00",136860
"PYRIDOSTIGMINE",2.14,"(1.69, 2.67)","9.61e-10",136860
"CIPROFLOXACIN",2.14,"(2.04, 2.23)","2.00e-202",136860
"HYDROCODONE",2.14,"(2.07, 2.2)","0.00e+00",136860
"CHLORTHALIDONE",2.12,"(1.74, 2.57)","4.66e-12",136860
"AZITHROMYCIN",2.12,"(2, 2.25)","4.68e-119",136860
"QUINAPRIL",2.1,"(1.94, 2.28)","9.24e-60",136860
"METHIMAZOLE",2.1,"(1.76, 2.49)","5.74e-15",136860
"DOLASETRON",2.1,"(1.7, 2.56)","3.55e-11",136860
"NISOLDIPINE",2.1,"(1.63, 2.66)","3.60e-08",136860
"MEFENAMIC ACID",2.08,"(1.63, 2.62)","2.35e-08",136860
"FAMCICLOVIR",2.07,"(1.69, 2.51)","2.38e-11",136860
"MAGNESIUM",2.06,"(1.93, 2.21)","1.62e-82",136860
"CALCIUM GLUCONATE",2.06,"(1.86, 2.28)","2.09e-38",136860
"MEPERIDINE",2.05,"(1.81, 2.33)","7.69e-25",136860
"ATENOLOL",2.05,"(1.99, 2.12)","0.00e+00",136860
"MODAFINIL",2.04,"(1.87, 2.22)","4.99e-51",136860
"FEXOFENADINE",2.04,"(1.93, 2.15)","1.03e-117",136860
"AMITRIPTYLINE",2.04,"(1.95, 2.13)","3.11e-176",136860
"SUCRALFATE",2.03,"(1.83, 2.24)","1.35e-36",136860
"FLUNITRAZEPAM",2.03,"(1.77, 2.32)","1.85e-21",136860
"TEMAZEPAM",2.03,"(1.9, 2.16)","3.27e-89",136860
"RASAGILINE",2.02,"(1.62, 2.5)","2.97e-09",136860
"TAMOXIFEN",2.01,"(1.72, 2.34)","1.50e-16",136860
"ESTAZOLAM",1.99,"(1.59, 2.45)","5.04e-09",136860
"CLIDINIUM",1.98,"(1.54, 2.52)","3.64e-07",136860
"FOSINOPRIL",1.98,"(1.76, 2.22)","9.47e-27",136860
"LIDOCAINE",1.98,"(1.84, 2.13)","1.21e-62",136860
"DIAZEPAM",1.98,"(1.9, 2.06)","8.47e-190",136860
"LOSARTAN",1.98,"(1.9, 2.06)","1.08e-185",136860
"AMANTADINE",1.98,"(1.76, 2.21)","1.48e-27",136860
"CIMETIDINE",1.97,"(1.77, 2.2)","1.94e-29",136860
"PROCHLORPERAZINE",1.97,"(1.85, 2.1)","1.32e-81",136860
"PYRIDOXINE",1.97,"(1.63, 2.36)","2.44e-11",136860
"TERAZOSIN",1.94,"(1.76, 2.13)","6.35e-37",136860
"MEGESTROL",1.94,"(1.75, 2.14)","1.16e-31",136860
"NEFAZODONE",1.93,"(1.64, 2.27)","1.53e-13",136860
"NITROGLYCERIN",1.93,"(1.83, 2.04)","1.21e-102",136860
"PROMETHAZINE",1.93,"(1.82, 2.05)","6.52e-86",136860
"ACETYLSALICYLIC ACID",1.92,"(1.89, 1.96)","0.00e+00",136860
"ADEFOVIR DIPIVOXIL",1.92,"(1.55, 2.35)","6.74e-09",136860
"TERBINAFINE",1.92,"(1.73, 2.12)","1.36e-30",136860
"RIZATRIPTAN",1.9,"(1.62, 2.23)","2.17e-13",136860
"CYANOCOBALAMIN",1.9,"(1.72, 2.09)","1.64e-33",136860
"PROPOFOL",1.9,"(1.75, 2.05)","4.20e-50",136860
"CALCIUM CARBONATE",1.9,"(1.79, 2)","6.16e-97",136860
"MELATONIN",1.89,"(1.59, 2.24)","7.02e-12",136860
"NIZATIDINE",1.89,"(1.57, 2.26)","1.12e-10",136860
"LEUPROLIDE",1.89,"(1.75, 2.03)","1.08e-55",136860
"HYDROCHLOROTHIAZIDE",1.88,"(1.83, 1.94)","0.00e+00",136860
"DOCUSATE",1.88,"(1.73, 2.04)","1.10e-42",136860
"PRIMIDONE",1.88,"(1.6, 2.19)","2.01e-13",136860
"MISOPROSTOL",1.88,"(1.71, 2.05)","8.55e-38",136860
"CHOLECALCIFEROL",1.87,"(1.62, 2.15)","8.93e-16",136860
"MOMETASONE",1.87,"(1.73, 2.02)","1.94e-49",136860
"CLOPIDOGREL",1.87,"(1.81, 1.93)","9.96e-281",136860
"TRIHEXYPHENIDYL",1.86,"(1.55, 2.22)","1.33e-10",136860
"LEVOTHYROXINE",1.86,"(1.82, 1.9)","0.00e+00",136860
"DICYCLOMINE",1.86,"(1.71, 2.03)","8.32e-39",136860
"ZAFIRLUKAST",1.86,"(1.49, 2.29)","1.07e-07",136860
"GUAIFENESIN",1.85,"(1.69, 2.03)","2.29e-33",136860
"NATALIZUMAB",1.85,"(1.8, 1.9)","0.00e+00",136860
"METRONIDAZOLE",1.84,"(1.73, 1.96)","1.87e-68",136860
"RAMIPRIL",1.83,"(1.76, 1.91)","7.25e-163",136860
"INTERFERON BETA-1B",1.83,"(1.69, 1.97)","6.96e-47",136860
"NIACIN",1.82,"(1.75, 1.89)","1.87e-171",136860
"METOPROLOL",1.82,"(1.77, 1.87)","0.00e+00",136860
"ALPRAZOLAM",1.81,"(1.75, 1.87)","8.13e-235",136860
"DESLORATADINE",1.81,"(1.61, 2.02)","7.32e-22",136860
"FINGOLIMOD",1.81,"(1.66, 1.97)","2.24e-36",136860
"CORTISONE ACETATE",1.8,"(1.58, 2.06)","5.10e-16",136860
"DIPYRIDAMOLE",1.8,"(1.63, 1.99)","5.86e-28",136860
"DILTIAZEM",1.8,"(1.72, 1.89)","3.57e-112",136860
"BUMETANIDE",1.8,"(1.62, 2.01)","3.15e-23",136860
"LISINOPRIL",1.8,"(1.75, 1.85)","1.16e-318",136860
"SUCCINYLCHOLINE",1.8,"(1.38, 2.31)","2.49e-05",136860
"PIRBUTEROL",1.8,"(1.36, 2.34)","3.93e-05",136860
"OXYCODONE",1.79,"(1.74, 1.85)","1.97e-257",136860
"CYPROHEPTADINE",1.79,"(1.43, 2.22)","8.93e-07",136860
"OXYBUTYNIN",1.79,"(1.64, 1.95)","4.69e-34",136860
"BENAZEPRIL",1.78,"(1.61, 1.97)","7.40e-25",136860
"TELITHROMYCIN",1.78,"(1.57, 2.02)","5.82e-17",136860
"PHENYLEPHRINE",1.78,"(1.51, 2.09)","8.08e-11",136860
"TRAZODONE",1.78,"(1.69, 1.87)","7.88e-96",136860
"SENNA",1.78,"(1.62, 1.94)","8.80e-33",136860
"ETIZOLAM",1.77,"(1.58, 1.98)","2.01e-20",136860
"THIAMINE",1.77,"(1.49, 2.09)","2.63e-10",136860
"BUSPIRONE",1.77,"(1.6, 1.95)","1.85e-26",136860
"CETIRIZINE",1.77,"(1.67, 1.87)","5.08e-79",136860
"BISOPROLOL",1.77,"(1.67, 1.86)","5.12e-83",136860
"HYDROXOCOBALAMIN",1.76,"(1.65, 1.88)","4.58e-58",136860
"CLONAZEPAM",1.76,"(1.7, 1.83)","9.15e-177",136860
"ALFUZOSIN",1.75,"(1.5, 2.04)","2.55e-11",136860
"LORATADINE",1.75,"(1.65, 1.86)","4.70e-65",136860
"PARICALCITOL",1.75,"(1.53, 1.99)","3.14e-15",136860
"SARGRAMOSTIM",1.75,"(1.38, 2.18)","5.14e-06",136860
"POTASSIUM",1.75,"(1.67, 1.83)","1.93e-113",136860
"TRAMADOL",1.74,"(1.67, 1.82)","4.35e-136",136860
"ZOLPIDEM",1.74,"(1.68, 1.81)","3.36e-177",136860
"POTASSIUM CHLORIDE",1.74,"(1.67, 1.81)","1.28e-135",136860
"CHLORDIAZEPOXIDE",1.73,"(1.47, 2.04)","4.93e-10",136860
"AMPICILLIN",1.73,"(1.52, 1.98)","2.12e-14",136860
"ISOSORBIDE DINITRATE",1.73,"(1.55, 1.93)","3.60e-20",136860
"LABETALOL",1.72,"(1.52, 1.94)","1.03e-15",136860
"LORAZEPAM",1.71,"(1.65, 1.78)","5.16e-164",136860
"DRONABINOL",1.71,"(1.37, 2.11)","2.93e-06",136860
"LANSOPRAZOLE",1.71,"(1.65, 1.77)","3.18e-163",136860
"TESTOSTERONE",1.71,"(1.54, 1.88)","1.22e-22",136860
"AMLODIPINE",1.7,"(1.66, 1.75)","8.67e-305",136860
"PILOCARPINE",1.7,"(1.34, 2.13)","1.46e-05",136860
"MOXIFLOXACIN",1.7,"(1.6, 1.81)","6.57e-55",136860
"MUPIROCIN",1.69,"(1.39, 2.04)","2.08e-07",136860
"CLONIDINE",1.69,"(1.59, 1.8)","2.57e-57",136860
"CICLESONIDE",1.69,"(1.27, 2.21)","3.47e-04",136860
"OMEPRAZOLE",1.69,"(1.64, 1.73)","2.10e-294",136860
"RABEPRAZOLE",1.68,"(1.59, 1.79)","4.02e-57",136860
"PREGABALIN",1.68,"(1.62, 1.74)","3.43e-165",136860
"BETAXOLOL",1.67,"(1.26, 2.18)","4.16e-04",136860
"ZALEPLON",1.67,"(1.32, 2.09)","2.21e-05",136860
"FELODIPINE",1.67,"(1.51, 1.85)","5.30e-20",136860
"POLYSTYRENE SULFONATE",1.67,"(1.35, 2.05)","3.10e-06",136860
"BISACODYL",1.67,"(1.37, 2.01)","5.11e-07",136860
"IRON",1.67,"(1.59, 1.75)","1.72e-84",136860
"THEOPHYLLINE",1.66,"(1.52, 1.81)","1.22e-26",136860
"DARBEPOETIN ALFA",1.65,"(1.53, 1.78)","1.43e-34",136860
"PANTOPRAZOLE",1.65,"(1.59, 1.71)","3.58e-148",136860
"ETODOLAC",1.65,"(1.46, 1.86)","1.31e-14",136860
"VERAPAMIL",1.65,"(1.55, 1.75)","1.13e-52",136860
"PHENTERMINE",1.65,"(1.29, 2.07)","6.45e-05",136860
"ACETAMINOPHEN",1.65,"(1.61, 1.68)","0.00e+00",136860
"OLMESARTAN",1.64,"(1.54, 1.75)","2.51e-44",136860
"CARVEDILOL",1.63,"(1.56, 1.71)","1.30e-87",136860
"ALLOPURINOL",1.63,"(1.56, 1.7)","5.09e-101",136860
"IRBESARTAN",1.63,"(1.53, 1.73)","8.69e-49",136860
"NITRAZEPAM",1.63,"(1.39, 1.9)","7.56e-09",136860
"GAMMA HYDROXYBUTYRIC ACID",1.63,"(1.39, 1.89)","2.26e-09",136860
"TOLTERODINE",1.63,"(1.5, 1.76)","2.74e-28",136860
"PIROXICAM",1.62,"(1.39, 1.89)","6.57e-09",136860
"DOXAZOSIN",1.62,"(1.5, 1.74)","2.18e-31",136860
"FAMOTIDINE",1.61,"(1.54, 1.69)","2.58e-73",136860
"AMOXICILLIN",1.61,"(1.53, 1.69)","2.47e-72",136860
"BENDROFLUMETHIAZIDE",1.61,"(1.43, 1.8)","1.33e-14",136860
"MELOXICAM",1.6,"(1.49, 1.71)","4.06e-37",136860
"NADOLOL",1.59,"(1.36, 1.86)","4.82e-08",136860
"VECURONIUM",1.59,"(1.29, 1.95)","2.69e-05",136860
"PENICILLIN G",1.59,"(1.33, 1.89)","5.19e-07",136860
"VOGLIBOSE",1.59,"(1.34, 1.87)","1.29e-07",136860
"GOSERELIN",1.59,"(1.38, 1.82)","1.93e-10",136860
"FINASTERIDE",1.59,"(1.45, 1.73)","4.79e-23",136860
"SERTRALINE",1.58,"(1.52, 1.64)","4.87e-116",136860
"CITALOPRAM",1.58,"(1.51, 1.64)","1.82e-86",136860
"PERINDOPRIL",1.57,"(1.44, 1.72)","4.40e-21",136860
"ESCITALOPRAM",1.57,"(1.51, 1.64)","2.96e-81",136860
"IBUPROFEN",1.57,"(1.52, 1.63)","1.80e-129",136860
"CALCIUM CHLORIDE",1.57,"(1.26, 1.94)","8.08e-05",136860
"SULPIRIDE",1.56,"(1.32, 1.84)","3.66e-07",136860
"FUROSEMIDE",1.55,"(1.52, 1.59)","3.15e-227",136860
"OCTREOTIDE",1.55,"(1.42, 1.7)","6.07e-20",136860
"IMATINIB",1.55,"(1.46, 1.66)","4.23e-37",136860
"ABACAVIR",1.55,"(1.4, 1.71)","2.24e-16",136860
"VALSARTAN",1.55,"(1.5, 1.61)","1.33e-106",136860
"DAPSONE",1.55,"(1.29, 1.86)","6.46e-06",136860
"PROPRANOLOL",1.55,"(1.44, 1.65)","4.34e-33",136860
"IMIPRAMINE",1.54,"(1.32, 1.8)","1.87e-07",136860
"VENLAFAXINE",1.53,"(1.47, 1.6)","2.70e-79",136860
"ACEBUTOLOL",1.53,"(1.27, 1.83)","9.54e-06",136860
"PHENELZINE",1.53,"(1.14, 2.02)","4.48e-03",136860
"NEBIVOLOL",1.53,"(1.36, 1.71)","2.17e-12",136860
"FLUOXETINE",1.53,"(1.46, 1.6)","5.49e-68",136860
"RANITIDINE",1.53,"(1.46, 1.59)","7.69e-72",136860
"INTERFERON ALFA-2B- RECOMBINANT",1.52,"(1.28, 1.81)","4.64e-06",136860
"CLORAZEPATE",1.52,"(1.28, 1.79)","2.81e-06",136860
"INTERFERON BETA-1A",1.51,"(1.47, 1.55)","1.63e-183",136860
"BRIMONIDINE",1.51,"(1.3, 1.75)","1.76e-07",136860
"PRAZEPAM",1.51,"(1.18, 1.91)","1.06e-03",136860
"CANDESARTAN",1.51,"(1.42, 1.6)","5.56e-36",136860
"FLUCONAZOLE",1.5,"(1.41, 1.6)","8.17e-37",136860
"AMILORIDE",1.5,"(1.24, 1.8)","3.43e-05",136860
"DOXEPIN",1.5,"(1.3, 1.72)","5.83e-08",136860
"MINOXIDIL",1.5,"(1.25, 1.79)","1.68e-05",136860
"CEFUROXIME",1.5,"(1.32, 1.7)","2.57e-09",136860
"CEFTRIAXONE",1.5,"(1.37, 1.62)","1.80e-19",136860
"FLUVOXAMINE",1.49,"(1.27, 1.74)","1.16e-06",136860
"DULOXETINE",1.48,"(1.41, 1.54)","5.97e-61",136860
"BICALUTAMIDE",1.48,"(1.31, 1.66)","1.12e-09",136860
"IOHEXOL",1.47,"(1.08, 1.95)","1.17e-02",136860
"PROGESTERONE",1.47,"(1.28, 1.67)","7.70e-08",136860
"INDAPAMIDE",1.46,"(1.31, 1.63)","4.30e-11",136860
"TORASEMIDE",1.46,"(1.33, 1.6)","8.94e-15",136860
"TOBRAMYCIN",1.46,"(1.26, 1.68)","4.58e-07",136860
"OFLOXACIN",1.46,"(1.24, 1.71)","9.89e-06",136860
"CEFTAZIDIME",1.45,"(1.19, 1.76)","2.21e-04",136860
"REPAGLINIDE",1.45,"(1.27, 1.66)","9.95e-08",136860
"BECLOMETASONE DIPROPIONATE",1.45,"(1.26, 1.66)","2.72e-07",136860
"VEMURAFENIB",1.45,"(1.18, 1.77)","5.33e-04",136860
"ROPINIROLE",1.45,"(1.33, 1.58)","3.28e-16",136860
"AMIODARONE",1.45,"(1.36, 1.54)","7.96e-30",136860
"MONTELUKAST",1.45,"(1.38, 1.52)","3.77e-45",136860
"MAGNESIUM SULFATE",1.45,"(1.27, 1.64)","2.96e-08",136860
"CLOBETASOL",1.44,"(1.2, 1.72)","1.37e-04",136860
"SODIUM BICARBONATE",1.44,"(1.24, 1.66)","1.80e-06",136860
"BIPERIDEN",1.43,"(1.22, 1.68)","2.03e-05",136860
"PERFLUTREN",1.43,"(1.14, 1.78)","2.33e-03",136860
"HYDROXYZINE",1.43,"(1.33, 1.54)","1.75e-20",136860
"SOLIFENACIN",1.43,"(1.27, 1.59)","2.09e-09",136860
"NATEGLINIDE",1.42,"(1.21, 1.67)","2.40e-05",136860
"MINOCYCLINE",1.42,"(1.25, 1.61)","2.17e-07",136860
"MIRTAZAPINE",1.42,"(1.33, 1.51)","4.67e-26",136860
"PENTOSAN POLYSULFATE",1.42,"(1.04, 1.89)","2.34e-02",136860
"ZOPICLONE",1.42,"(1.3, 1.54)","9.27e-15",136860
"IPRATROPIUM BROMIDE",1.42,"(1.34, 1.5)","3.11e-29",136860
"GLIPIZIDE",1.41,"(1.33, 1.5)","2.59e-28",136860
"CODEINE",1.41,"(1.32, 1.51)","6.87e-22",136860
"CAFFEINE",1.41,"(1.26, 1.57)","3.76e-09",136860
"SALBUTAMOL",1.41,"(1.36, 1.46)","5.69e-86",136860
"ENALAPRIL",1.4,"(1.33, 1.48)","1.55e-31",136860
"FLUTICASONE PROPIONATE",1.4,"(1.35, 1.45)","1.21e-70",136860
"ESTRADIOL",1.4,"(1.32, 1.49)","3.35e-24",136860
"BROTIZOLAM",1.4,"(1.08, 1.78)","9.31e-03",136860
"TRIMETHOPRIM",1.4,"(1.33, 1.47)","1.46e-35",136860
"PHYTONADIONE",1.4,"(1.17, 1.65)","1.58e-04",136860
"NILOTINIB",1.4,"(1.24, 1.57)","7.24e-08",136860
"ESOMEPRAZOLE",1.4,"(1.35, 1.44)","1.07e-86",136860
"MORPHINE",1.39,"(1.33, 1.46)","2.71e-43",136860
"ACYCLOVIR",1.39,"(1.3, 1.48)","3.60e-21",136860
"CARBIDOPA",1.39,"(1.26, 1.52)","2.28e-11",136860
"DONEPEZIL",1.39,"(1.27, 1.51)","4.35e-13",136860
"ETONOGESTREL",1.39,"(1.27, 1.52)","7.28e-12",136860
"ATROPINE",1.38,"(1.18, 1.62)","8.89e-05",136860
"TELMISARTAN",1.38,"(1.28, 1.49)","6.80e-16",136860
"INSULIN REGULAR",1.38,"(1.26, 1.51)","6.49e-12",136860
"SULFAMETHOXAZOLE",1.38,"(1.3, 1.46)","4.08e-25",136860
"TRIAZOLAM",1.38,"(1.2, 1.57)","5.66e-06",136860
"DICLOFENAC",1.37,"(1.31, 1.44)","5.05e-34",136860
"PREDNISONE",1.37,"(1.33, 1.41)","3.33e-93",136860
"TEGASEROD",1.37,"(1.21, 1.54)","4.60e-07",136860
"ROCURONIUM",1.37,"(1.11, 1.67)","3.04e-03",136860
"ITRACONAZOLE",1.37,"(1.22, 1.53)","2.05e-07",136860
"BENZATROPINE",1.37,"(1.18, 1.57)","2.05e-05",136860
"DIPHENHYDRAMINE",1.36,"(1.29, 1.44)","6.68e-27",136860
"WARFARIN",1.36,"(1.32, 1.4)","1.80e-75",136860
"GATIFLOXACIN",1.36,"(1.16, 1.59)","2.14e-04",136860
"PEGINTERFERON ALFA-2B",1.36,"(1.25, 1.47)","2.57e-12",136860
"GLICLAZIDE",1.36,"(1.22, 1.51)","5.88e-08",136860
"PRAMIPEXOLE",1.36,"(1.24, 1.48)","3.25e-10",136860
"NIFEDIPINE",1.35,"(1.27, 1.44)","4.65e-20",136860
"SEVOFLURANE",1.35,"(1.14, 1.59)","4.84e-04",136860
"CELECOXIB",1.35,"(1.3, 1.41)","5.10e-44",136860
"CLAVULANATE",1.35,"(1.25, 1.46)","2.26e-13",136860
"SULINDAC",1.35,"(1.05, 1.71)","1.54e-02",136860
"PIMECROLIMUS",1.34,"(1.09, 1.63)","5.55e-03",136860
"TADALAFIL",1.33,"(1.21, 1.46)","4.95e-09",136860
"TAMSULOSIN",1.33,"(1.26, 1.41)","3.96e-20",136860
"FLECAINIDE",1.33,"(1.13, 1.56)","7.07e-04",136860
"FOSAMPRENAVIR",1.33,"(1.05, 1.66)","1.57e-02",136860
"TRAVOPROST",1.32,"(1.08, 1.61)","6.34e-03",136860
"DEXTROAMPHETAMINE",1.32,"(1.16, 1.51)","5.25e-05",136860
"DISOPYRAMIDE",1.32,"(0.95, 1.79)","7.84e-02",136860
"EPLERENONE",1.32,"(1.05, 1.64)","1.38e-02",136860
"VALACICLOVIR",1.31,"(1.22, 1.41)","6.24e-13",136860
"ELETRIPTAN",1.31,"(1.07, 1.59)","8.32e-03",136860
"AZTREONAM",1.31,"(0.97, 1.73)","6.23e-02",136860
"PERPHENAZINE",1.3,"(0.98, 1.71)","5.34e-02",136860
"PROPAFENONE",1.3,"(1.07, 1.57)","6.63e-03",136860
"NICARDIPINE",1.3,"(0.99, 1.68)","5.22e-02",136860
"SPIRONOLACTONE",1.3,"(1.23, 1.37)","7.19e-22",136860
"PIOGLITAZONE",1.3,"(1.22, 1.38)","1.34e-16",136860
"METHADONE",1.3,"(1.2, 1.4)","1.57e-10",136860
"ZOLMITRIPTAN",1.29,"(1.05, 1.56)","1.17e-02",136860
"CISAPRIDE",1.28,"(1.01, 1.6)","3.02e-02",136860
"ONDANSETRON",1.28,"(1.21, 1.35)","1.06e-17",136860
"BUPROPION",1.28,"(1.22, 1.34)","3.43e-25",136860
"NABILONE",1.28,"(0.98, 1.64)","6.25e-02",136860
"HYDROCORTISONE",1.28,"(1.18, 1.38)","4.17e-09",136860
"LACTULOSE",1.28,"(1.16, 1.39)","2.82e-07",136860
"ACARBOSE",1.27,"(1.05, 1.53)","1.18e-02",136860
"ACITRETIN",1.27,"(0.98, 1.63)","5.89e-02",136860
"MESALAZINE",1.27,"(1.17, 1.36)","1.59e-09",136860
"CAPTOPRIL",1.27,"(1.12, 1.42)","1.01e-04",136860
"PALONOSETRON",1.26,"(1.04, 1.52)","1.72e-02",136860
"LOPERAMIDE",1.26,"(1.16, 1.37)","1.53e-07",136860
"PRAZOSIN",1.26,"(0.98, 1.6)","5.99e-02",136860
"GLYBURIDE",1.26,"(1.18, 1.34)","3.23e-13",136860
"RIBAVIRIN",1.26,"(1.2, 1.32)","9.31e-18",136860
"DEXTROMETHORPHAN",1.26,"(1.09, 1.45)","2.17e-03",136860
"INDOMETHACIN",1.25,"(1.1, 1.42)","4.50e-04",136860
"LEVODOPA",1.25,"(1.15, 1.36)","6.11e-07",136860
"FLURBIPROFEN",1.25,"(0.93, 1.65)","1.19e-01",136860
"NALOXONE",1.24,"(1.1, 1.4)","3.81e-04",136860
"SALMETEROL",1.24,"(1.19, 1.3)","1.08e-23",136860
"BUPIVACAINE",1.24,"(1.05, 1.45)","9.34e-03",136860
"SAQUINAVIR",1.24,"(0.99, 1.53)","4.93e-02",136860
"SODIUM CHLORIDE",1.24,"(1.09, 1.4)","7.44e-04",136860
"LERCANIDIPINE",1.23,"(0.97, 1.54)","7.58e-02",136860
"SOTALOL",1.23,"(1.09, 1.39)","1.22e-03",136860
"MAGNESIUM OXIDE",1.23,"(1.14, 1.33)","1.61e-07",136860
"THIORIDAZINE",1.23,"(0.88, 1.68)","1.87e-01",136860
"OXYGEN",1.23,"(1.11, 1.36)","1.18e-04",136860
"FENTANYL",1.23,"(1.18, 1.28)","9.94e-25",136860
"NAPROXEN",1.23,"(1.17, 1.28)","1.84e-18",136860
"PEGFILGRASTIM",1.22,"(1.11, 1.35)","4.86e-05",136860
"CEFAZOLIN",1.22,"(1.06, 1.4)","4.06e-03",136860
"REMIFENTANIL",1.22,"(0.91, 1.61)","1.61e-01",136860
"DUTASTERIDE",1.22,"(1.09, 1.36)","4.63e-04",136860
"INSULIN- ISOPHANE",1.22,"(1.11, 1.34)","5.66e-05",136860
"PENTAMIDINE",1.22,"(0.91, 1.6)","1.66e-01",136860
"PAROXETINE",1.22,"(1.17, 1.27)","4.94e-23",136860
"KETOPROFEN",1.22,"(1.06, 1.4)","6.08e-03",136860
"MEPROBAMATE",1.21,"(0.94, 1.53)","1.27e-01",136860
"BROMAZEPAM",1.21,"(1.07, 1.37)","3.13e-03",136860
"PEGINTERFERON ALFA-2A",1.21,"(1.13, 1.29)","2.93e-08",136860
"METFORMIN",1.21,"(1.17, 1.24)","8.91e-36",136860
"METHOTRIMEPRAZINE",1.21,"(0.95, 1.52)","1.10e-01",136860
"ICOSAPENT ETHYL",1.2,"(0.86, 1.63)","2.36e-01",136860
"AMPHETAMINE",1.2,"(1.04, 1.38)","1.30e-02",136860
"CYCLOSPORINE",1.2,"(1.13, 1.26)","1.29e-10",136860
"OXAZEPAM",1.2,"(1.05, 1.35)","5.33e-03",136860
"HALOPERIDOL",1.2,"(1.11, 1.29)","9.57e-06",136860
"GLATIRAMER ACETATE",1.19,"(1.06, 1.33)","2.80e-03",136860
"DIGOXIN",1.18,"(1.13, 1.24)","5.16e-11",136860
"KETAMINE",1.18,"(0.9, 1.53)","2.03e-01",136860
"ZONISAMIDE",1.18,"(1.01, 1.37)","2.98e-02",136860
"ABIRATERONE",1.17,"(0.88, 1.54)","2.35e-01",136860
"DEXAMETHASONE",1.17,"(1.13, 1.22)","1.38e-14",136860
"TRIFLUOPERAZINE",1.17,"(0.84, 1.6)","3.03e-01",136860
"TIMOLOL",1.17,"(1.04, 1.31)","8.71e-03",136860
"PHENPROCOUMON",1.17,"(1, 1.35)","4.63e-02",136860
"MECOBALAMIN",1.17,"(0.96, 1.41)","1.11e-01",136860
"PANCRELIPASE",1.16,"(0.95, 1.42)","1.33e-01",136860
"INSULIN ASPART",1.16,"(1.07, 1.25)","2.60e-04",136860
"HYDROXYCHLOROQUINE",1.15,"(1.07, 1.24)","3.44e-04",136860
"TRETINOIN",1.15,"(1.07, 1.23)","5.85e-05",136860
"RALTEGRAVIR",1.15,"(1, 1.32)","4.95e-02",136860
"DARIFENACIN",1.15,"(0.95, 1.38)","1.39e-01",136860
"SCOPOLAMINE",1.15,"(0.87, 1.48)","2.92e-01",136860
"NORETHINDRONE",1.14,"(0.98, 1.32)","7.97e-02",136860
"INSULIN LISPRO",1.14,"(1.07, 1.22)","1.64e-04",136860
"PHENOBARBITAL",1.14,"(1, 1.29)","4.09e-02",136860
"AMISULPRIDE",1.14,"(0.91, 1.41)","2.45e-01",136860
"MILNACIPRAN",1.14,"(0.94, 1.36)","1.65e-01",136860
"TOPIRAMATE",1.14,"(1.06, 1.21)","2.13e-04",136860
"NORGESTIMATE",1.13,"(0.94, 1.35)","1.55e-01",136860
"EFALIZUMAB",1.13,"(0.94, 1.36)","1.76e-01",136860
"LITHIUM",1.13,"(1.04, 1.23)","4.91e-03",136860
"DOCETAXEL",1.13,"(1.05, 1.21)","7.82e-04",136860
"DORZOLAMIDE",1.13,"(0.94, 1.35)","1.96e-01",136860
"TICLOPIDINE",1.13,"(0.95, 1.33)","1.65e-01",136860
"AZATHIOPRINE",1.12,"(1.04, 1.21)","1.80e-03",136860
"SITAGLIPTIN",1.12,"(1.05, 1.2)","1.42e-03",136860
"SUMATRIPTAN",1.12,"(1.02, 1.23)","1.94e-02",136860
"VINORELBINE",1.12,"(0.97, 1.28)","1.08e-01",136860
"GLIMEPIRIDE",1.12,"(1.05, 1.19)","5.08e-04",136860
"METHYLPREDNISOLONE",1.12,"(1.05, 1.19)","6.29e-04",136860
"TERBUTALINE",1.12,"(0.91, 1.36)","2.71e-01",136860
"TRICHLORMETHIAZIDE",1.11,"(0.86, 1.41)","3.99e-01",136860
"ENTECAVIR",1.11,"(0.9, 1.35)","3.10e-01",136860
"FOLIC ACID",1.11,"(1.06, 1.15)","4.99e-07",136860
"EPINEPHRINE",1.11,"(0.97, 1.26)","1.36e-01",136860
"LATANOPROST",1.1,"(1.01, 1.21)","3.11e-02",136860
"ROPIVACAINE",1.1,"(0.77, 1.52)","5.41e-01",136860
"ENTACAPONE",1.09,"(0.94, 1.26)","2.61e-01",136860
"BUDESONIDE",1.09,"(1.03, 1.15)","3.38e-03",136860
"DIDANOSINE",1.09,"(0.94, 1.25)","2.39e-01",136860
"TRASTUZUMAB",1.08,"(0.98, 1.2)","1.01e-01",136860
"ETRAVIRINE",1.08,"(0.84, 1.37)","5.28e-01",136860
"ENOXAPARIN",1.08,"(1.01, 1.15)","2.84e-02",136860
"GENTAMICIN",1.08,"(0.92, 1.26)","3.47e-01",136860
"DRONEDARONE",1.07,"(0.91, 1.26)","3.63e-01",136860
"CILOSTAZOL",1.07,"(0.93, 1.23)","3.22e-01",136860
"CARBAMAZEPINE",1.07,"(1, 1.14)","4.20e-02",136860
"ALFACALCIDOL",1.06,"(0.92, 1.22)","3.96e-01",136860
"CEFDINIR",1.06,"(0.86, 1.29)","5.36e-01",136860
"IXABEPILONE",1.06,"(0.82, 1.36)","6.03e-01",136860
"FLUPHENAZINE",1.06,"(0.76, 1.44)","6.90e-01",136860
"AMPHOTERICIN B",1.06,"(0.93, 1.2)","3.90e-01",136860
"INDINAVIR",1.05,"(0.76, 1.43)","6.94e-01",136860
"POSACONAZOLE",1.05,"(0.78, 1.39)","7.15e-01",136860
"MEXILETINE",1.05,"(0.74, 1.45)","7.36e-01",136860
"CLOMIPRAMINE",1.05,"(0.85, 1.28)","6.43e-01",136860
"PANCURONIUM",1.05,"(0.73, 1.46)","7.29e-01",136860
"SILODOSIN",1.04,"(0.76, 1.39)","7.60e-01",136860
"PENTOXIFYLLINE",1.04,"(0.91, 1.17)","5.61e-01",136860
"IPILIMUMAB",1.04,"(0.83, 1.27)","7.47e-01",136860
"MIDAZOLAM",1.03,"(0.92, 1.15)","5.54e-01",136860
"FLUTICASONE FUROATE",1.03,"(0.82, 1.29)","7.73e-01",136860
"INSULIN GLARGINE",1.03,"(0.98, 1.08)","2.79e-01",136860
"PROGUANIL",1.03,"(0.77, 1.34)","8.35e-01",136860
"BETAMETHASONE",1.02,"(0.89, 1.17)","7.35e-01",136860
"STAVUDINE",1.02,"(0.88, 1.18)","7.66e-01",136860
"TRANEXAMIC ACID",1.02,"(0.81, 1.27)","8.65e-01",136860
"OXYMORPHONE",1.01,"(0.78, 1.3)","8.99e-01",136860
"DIHYDROCODEINE",1.01,"(0.79, 1.28)","9.04e-01",136860
"DIPYRONE",1.01,"(0.84, 1.19)","9.32e-01",136860
"CEFEPIME",1,"(0.84, 1.19)","9.32e-01",136860
"URSODEOXYCHOLIC ACID",1,"(0.9, 1.12)","9.56e-01",136860
"TETRABENAZINE",1,"(0.75, 1.31)","9.45e-01",136860
"DOMPERIDONE",1,"(0.88, 1.13)","9.75e-01",136860
"CYCLIZINE",1,"(0.73, 1.35)","1.00e+00",136860
"TRANDOLAPRIL",1,"(0.82, 1.21)","1.00e+00",136860
"FORMOTEROL",1,"(0.93, 1.07)","9.57e-01",136860
"PIPERACILLIN",0.99,"(0.87, 1.13)","9.23e-01",136860
"BORTEZOMIB",0.98,"(0.91, 1.06)","6.91e-01",136860
"FILGRASTIM",0.98,"(0.89, 1.08)","7.55e-01",136860
"LEVETIRACETAM",0.98,"(0.91, 1.06)","6.20e-01",136860
"ROFECOXIB",0.98,"(0.94, 1.02)","2.62e-01",136860
"CISATRACURIUM BESYLATE",0.98,"(0.69, 1.34)","1.00e+00",136860
"OXCARBAZEPINE",0.97,"(0.87, 1.09)","6.64e-01",136860
"ZIPRASIDONE",0.97,"(0.88, 1.07)","5.97e-01",136860
"ENFUVIRTIDE",0.97,"(0.79, 1.19)","8.40e-01",136860
"DASATINIB",0.97,"(0.82, 1.14)","7.76e-01",136860
"MELPHALAN",0.97,"(0.86, 1.08)","5.78e-01",136860
"NOREPINEPHRINE",0.96,"(0.75, 1.22)","8.16e-01",136860
"OLANZAPINE",0.96,"(0.9, 1.01)","1.22e-01",136860
"VORICONAZOLE",0.96,"(0.84, 1.08)","4.97e-01",136860
"TENOFOVIR",0.95,"(0.88, 1.03)","1.98e-01",136860
"LAMIVUDINE",0.95,"(0.88, 1.02)","1.55e-01",136860
"AMINOPHYLLINE",0.95,"(0.65, 1.34)","8.65e-01",136860
"ORLISTAT",0.95,"(0.87, 1.03)","1.87e-01",136860
"LAMOTRIGINE",0.94,"(0.89, 1)","3.77e-02",136860
"BUPRENORPHINE",0.94,"(0.84, 1.05)","2.74e-01",136860
"BRINZOLAMIDE",0.94,"(0.68, 1.26)","7.66e-01",136860
"ETORICOXIB",0.94,"(0.72, 1.2)","6.64e-01",136860
"TAZOBACTAM",0.94,"(0.82, 1.06)","3.00e-01",136860
"METOCLOPRAMIDE",0.93,"(0.88, 0.98)","9.45e-03",136860
"VANCOMYCIN",0.93,"(0.85, 1.01)","1.01e-01",136860
"ALISKIREN",0.93,"(0.82, 1.05)","2.52e-01",136860
"REBAMIPIDE",0.93,"(0.83, 1.04)","1.93e-01",136860
"DALTEPARIN",0.93,"(0.78, 1.09)","3.94e-01",136860
"PHENYTOIN",0.92,"(0.85, 1)","4.98e-02",136860
"PREDNISOLONE",0.92,"(0.88, 0.96)","1.70e-04",136860
"ESZOPICLONE",0.92,"(0.83, 1.01)","7.71e-02",136860
"MANNITOL",0.92,"(0.71, 1.17)","5.51e-01",136860
"RISPERIDONE",0.92,"(0.87, 0.97)","2.15e-03",136860
"CARBOXYMETHYLENECYSTEINE",0.92,"(0.75, 1.11)","4.16e-01",136860
"LOPINAVIR",0.92,"(0.82, 1.01)","9.49e-02",136860
"MERCAPTOPURINE",0.91,"(0.77, 1.06)","2.54e-01",136860
"OMALIZUMAB",0.91,"(0.82, 1.01)","7.18e-02",136860
"ACETAZOLAMIDE",0.91,"(0.66, 1.21)","5.71e-01",136860
"CEFOTAXIME",0.91,"(0.69, 1.17)","4.98e-01",136860
"RITONAVIR",0.9,"(0.84, 0.97)","4.23e-03",136860
"THALIDOMIDE",0.9,"(0.83, 0.97)","8.42e-03",136860
"ATOVAQUONE",0.9,"(0.69, 1.16)","4.64e-01",136860
"BROMOCRIPTINE",0.9,"(0.66, 1.2)","5.26e-01",136860
"VALDECOXIB",0.89,"(0.82, 0.97)","1.03e-02",136860
"ARIPIPRAZOLE",0.89,"(0.83, 0.95)","5.58e-04",136860
"PACLITAXEL",0.88,"(0.82, 0.95)","5.35e-04",136860
"TEPRENONE",0.88,"(0.61, 1.24)","5.12e-01",136860
"SUFENTANIL",0.87,"(0.64, 1.17)","3.99e-01",136860
"VALPROIC ACID",0.87,"(0.83, 0.92)","5.03e-07",136860
"MYCOPHENOLATE MOFETIL",0.87,"(0.81, 0.94)","2.14e-04",136860
"CONJUGATED ESTROGENS",0.86,"(0.83, 0.91)","2.15e-10",136860
"EFAVIRENZ",0.86,"(0.77, 0.97)","1.52e-02",136860
"DARUNAVIR",0.86,"(0.73, 1.01)","6.63e-02",136860
"ATAZANAVIR",0.86,"(0.76, 0.97)","1.38e-02",136860
"PRASUGREL",0.85,"(0.66, 1.08)","2.12e-01",136860
"SIBUTRAMINE",0.85,"(0.64, 1.11)","2.57e-01",136860
"ERTAPENEM",0.85,"(0.61, 1.15)","3.16e-01",136860
"VILAZODONE",0.84,"(0.57, 1.18)","3.70e-01",136860
"EMTRICITABINE",0.84,"(0.75, 0.93)","6.47e-04",136860
"HEPARIN",0.83,"(0.77, 0.89)","2.58e-08",136860
"ETHAMBUTOL",0.82,"(0.66, 1.02)","7.38e-02",136860
"ACETYLCYSTEINE",0.82,"(0.67, 0.99)","4.24e-02",136860
"SORAFENIB",0.82,"(0.75, 0.9)","1.11e-05",136860
"CABERGOLINE",0.82,"(0.65, 1.01)","6.16e-02",136860
"QUETIAPINE",0.82,"(0.78, 0.85)","2.23e-20",136860
"DOFETILIDE",0.81,"(0.64, 1.01)","6.56e-02",136860
"VINBLASTINE",0.81,"(0.58, 1.1)","2.01e-01",136860
"ROTIGOTINE",0.81,"(0.59, 1.08)","1.75e-01",136860
"DOXORUBICIN",0.8,"(0.75, 0.86)","2.50e-10",136860
"RIFAMPIN",0.8,"(0.68, 0.94)","5.83e-03",136860
"DESMOPRESSIN",0.8,"(0.57, 1.09)","1.75e-01",136860
"ALUMINUM HYDROXIDE",0.8,"(0.61, 1.02)","8.44e-02",136860
"GEMCITABINE",0.79,"(0.72, 0.86)","2.87e-08",136860
"GRANISETRON",0.79,"(0.69, 0.89)","1.68e-04",136860
"NEVIRAPINE",0.78,"(0.68, 0.9)","3.56e-04",136860
"HYDROXYUREA",0.78,"(0.64, 0.94)","9.15e-03",136860
"INTRAVENOUS IMMUNOGLOBULIN",0.78,"(0.67, 0.91)","1.03e-03",136860
"VINCRISTINE",0.77,"(0.71, 0.84)","4.00e-10",136860
"ISOFLURANE",0.77,"(0.52, 1.1)","1.65e-01",136860
"ESTROPIPATE",0.76,"(0.58, 0.98)","3.25e-02",136860
"LENALIDOMIDE",0.76,"(0.72, 0.81)","9.31e-21",136860
"DOPAMINE",0.76,"(0.6, 0.94)","1.17e-02",136860
"TINZAPARIN",0.75,"(0.57, 0.97)","2.67e-02",136860
"PALIPERIDONE",0.75,"(0.65, 0.86)","2.06e-05",136860
"GALANTAMINE",0.75,"(0.59, 0.94)","1.05e-02",136860
"RAMELTEON",0.75,"(0.61, 0.91)","3.29e-03",136860
"LINEZOLID",0.75,"(0.64, 0.86)","4.56e-05",136860
"MEMANTINE",0.75,"(0.66, 0.85)","1.89e-06",136860
"METHYLPHENIDATE",0.74,"(0.68, 0.81)","5.64e-12",136860
"TIOTROPIUM",0.74,"(0.7, 0.78)","6.22e-28",136860
"SAXAGLIPTIN",0.74,"(0.57, 0.93)","8.35e-03",136860
"IDARUBICIN",0.73,"(0.55, 0.97)","2.84e-02",136860
"ECULIZUMAB",0.73,"(0.63, 0.85)","1.35e-05",136860
"VARENICLINE",0.73,"(0.7, 0.77)","1.00e-41",136860
"ZIDOVUDINE",0.73,"(0.66, 0.81)","3.93e-10",136860
"DESVENLAFAXINE",0.73,"(0.65, 0.82)","1.90e-08",136860
"INSULIN DETEMIR",0.72,"(0.62, 0.83)","2.66e-06",136860
"INSULIN GLULISINE",0.71,"(0.55, 0.91)","6.48e-03",136860
"FONDAPARINUX SODIUM",0.71,"(0.6, 0.83)","1.34e-05",136860
"CYCLOPHOSPHAMIDE",0.71,"(0.67, 0.75)","4.42e-31",136860
"CHLORPROMAZINE",0.71,"(0.57, 0.87)","7.08e-04",136860
"METHYLDOPA",0.71,"(0.53, 0.92)","9.96e-03",136860
"ARSENIC TRIOXIDE",0.71,"(0.46, 1.03)","8.18e-02",136860
"CHLORPHENIRAMINE",0.7,"(0.59, 0.83)","8.73e-06",136860
"MILRINONE",0.7,"(0.47, 0.99)","4.14e-02",136860
"LEFLUNOMIDE",0.69,"(0.63, 0.77)","1.40e-14",136860
"MYCOPHENOLIC ACID",0.69,"(0.55, 0.86)","5.71e-04",136860
"GEMIFLOXACIN",0.69,"(0.46, 0.99)","4.33e-02",136860
"CILASTATIN",0.69,"(0.54, 0.86)","7.43e-04",136860
"CERTOLIZUMAB PEGOL",0.69,"(0.61, 0.77)","2.24e-12",136860
"MEROPENEM",0.68,"(0.57, 0.79)","4.00e-07",136860
"ETHINYL ESTRADIOL",0.68,"(0.63, 0.72)","2.53e-37",136860
"SELEGILINE",0.68,"(0.45, 0.98)","3.85e-02",136860
"SULFASALAZINE",0.67,"(0.59, 0.75)","3.45e-13",136860
"TAPENTADOL",0.67,"(0.45, 0.97)","2.93e-02",136860
"IMIPENEM",0.66,"(0.52, 0.84)","3.24e-04",136860
"ELTROMBOPAG",0.66,"(0.52, 0.84)","2.69e-04",136860
"TEMOZOLOMIDE",0.65,"(0.56, 0.76)","2.53e-09",136860
"ACENOCOUMAROL",0.65,"(0.52, 0.8)","1.64e-05",136860
"BIMATOPROST",0.65,"(0.54, 0.76)","4.45e-08",136860
"METHOTREXATE",0.65,"(0.62, 0.67)","8.43e-112",136860
"ADALIMUMAB",0.64,"(0.62, 0.67)","8.79e-136",136860
"CAPECITABINE",0.64,"(0.59, 0.69)","4.66e-31",136860
"GANCICLOVIR",0.64,"(0.48, 0.83)","3.81e-04",136860
"OSELTAMIVIR",0.64,"(0.55, 0.73)","7.93e-12",136860
"TIGECYCLINE",0.63,"(0.44, 0.9)","6.91e-03",136860
"DOBUTAMINE",0.63,"(0.47, 0.83)","4.26e-04",136860
"SILDENAFIL",0.63,"(0.58, 0.68)","1.65e-36",136860
"CLOBAZAM",0.63,"(0.48, 0.8)","8.38e-05",136860
"Ustekinumab",0.62,"(0.49, 0.79)","2.18e-05",136860
"EPIRUBICIN",0.62,"(0.52, 0.74)","2.13e-08",136860
"AMIKACIN",0.62,"(0.47, 0.8)","7.71e-05",136860
"ETHANOL",0.62,"(0.53, 0.71)","2.11e-12",136860
"MITOXANTRONE",0.61,"(0.49, 0.77)","3.04e-06",136860
"NELFINAVIR",0.61,"(0.47, 0.79)","5.38e-05",136860
"POLIDOCANOL",0.61,"(0.43, 0.85)","2.09e-03",136860
"ISONIAZID",0.6,"(0.51, 0.71)","1.69e-11",136860
"CARBOPLATIN",0.6,"(0.55, 0.66)","2.21e-34",136860
"ROMIPLOSTIM",0.6,"(0.52, 0.68)","8.99e-17",136860
"SIROLIMUS",0.59,"(0.5, 0.7)","2.42e-11",136860
"CYTARABINE",0.59,"(0.52, 0.66)","9.36e-22",136860
"DAUNORUBICIN",0.58,"(0.46, 0.72)","1.59e-07",136860
"TEICOPLANIN",0.58,"(0.43, 0.77)","4.56e-05",136860
"EVEROLIMUS",0.58,"(0.5, 0.67)","1.58e-16",136860
"PAZOPANIB",0.58,"(0.44, 0.74)","3.95e-06",136860
"ALPROSTADIL",0.58,"(0.4, 0.8)","4.14e-04",136860
"ASPARAGINASE",0.58,"(0.4, 0.8)","4.50e-04",136860
"TACROLIMUS",0.57,"(0.52, 0.62)","7.80e-47",136860
"INFLIXIMAB",0.57,"(0.54, 0.6)","2.02e-122",136860
"HUMAN SERUM ALBUMIN",0.56,"(0.41, 0.75)","2.27e-05",136860
"VALGANCICLOVIR",0.55,"(0.44, 0.7)","3.22e-08",136860
"SUNITINIB",0.55,"(0.5, 0.61)","1.86e-43",136860
"LAPATINIB",0.55,"(0.48, 0.64)","6.60e-20",136860
"VARDENAFIL",0.55,"(0.46, 0.66)","1.71e-12",136860
"LISDEXAMFETAMINE",0.55,"(0.43, 0.69)","3.54e-08",136860
"ROSIGLITAZONE",0.55,"(0.52, 0.58)","2.05e-116",136860
"PYRAZINAMIDE",0.55,"(0.38, 0.76)","1.47e-04",136860
"ETANERCEPT",0.55,"(0.52, 0.57)","1.41e-250",136860
"ERLOTINIB",0.54,"(0.47, 0.61)","1.03e-25",136860
"LOXOPROFEN",0.53,"(0.4, 0.7)","7.08e-07",136860
"DACARBAZINE",0.52,"(0.36, 0.74)","7.90e-05",136860
"OXYTOCIN",0.52,"(0.32, 0.8)","1.55e-03",136860
"TEMSIROLIMUS",0.52,"(0.41, 0.66)","1.17e-09",136860
"ALEFACEPT",0.51,"(0.37, 0.69)","2.34e-06",136860
"ALTEPLASE",0.51,"(0.36, 0.69)","2.46e-06",136860
"MARAVIROC",0.51,"(0.33, 0.75)","2.31e-04",136860
"AGALSIDASE BETA",0.51,"(0.38, 0.66)","2.86e-08",136860
"CARMUSTINE",0.5,"(0.33, 0.74)","1.46e-04",136860
"COCAINE",0.5,"(0.36, 0.68)","1.27e-06",136860
"FESOTERODINE",0.5,"(0.38, 0.65)","1.59e-08",136860
"DABIGATRAN ETEXILATE",0.5,"(0.45, 0.55)","5.29e-60",136860
"FERROUS CITRATE",0.5,"(0.36, 0.67)","6.16e-07",136860
"RIVASTIGMINE",0.49,"(0.41, 0.58)","1.46e-21",136860
"HEROIN",0.48,"(0.29, 0.76)","5.60e-04",136860
"ASENAPINE",0.48,"(0.37, 0.62)","1.50e-10",136860
"PYRIDOXAL PHOSPHATE",0.48,"(0.31, 0.7)","3.67e-05",136860
"MICAFUNGIN",0.47,"(0.31, 0.69)","1.68e-05",136860
"EXENATIDE",0.47,"(0.44, 0.51)","2.27e-123",136860
"BOCEPREVIR",0.47,"(0.31, 0.68)","1.04e-05",136860
"TELAPREVIR",0.46,"(0.39, 0.55)","1.03e-25",136860
"GUANFACINE",0.46,"(0.29, 0.71)","9.55e-05",136860
"ANTITHYMOCYTE GLOBULIN",0.46,"(0.36, 0.57)","4.28e-14",136860
"DEFERASIROX",0.45,"(0.4, 0.51)","3.37e-51",136860
"LIRAGLUTIDE",0.45,"(0.38, 0.52)","3.42e-34",136860
"SOMATROPIN RECOMBINANT",0.45,"(0.37, 0.53)","2.53e-23",136860
"CLOZAPINE",0.44,"(0.4, 0.47)","4.09e-106",136860
"ABATACEPT",0.43,"(0.35, 0.53)","2.51e-21",136860
"BLEOMYCIN",0.43,"(0.31, 0.57)","4.89e-11",136860
"DROSPIRENONE",0.43,"(0.39, 0.46)","3.59e-120",136860
"NICOTINE",0.42,"(0.38, 0.47)","1.60e-82",136860
"ETOPOSIDE",0.42,"(0.37, 0.48)","1.94e-47",136860
"ISOTRETINOIN",0.42,"(0.34, 0.52)","1.73e-21",136860
"DACTINOMYCIN",0.42,"(0.23, 0.69)","1.99e-04",136860
"MESNA",0.41,"(0.28, 0.6)","7.53e-08",136860
"LACOSAMIDE",0.41,"(0.3, 0.55)","3.11e-12",136860
"VERTEPORFIN",0.41,"(0.25, 0.64)","6.32e-06",136860
"MEDROXYPROGESTERONE ACETATE",0.41,"(0.36, 0.46)","1.27e-60",136860
"RITUXIMAB",0.4,"(0.37, 0.44)","5.21e-106",136860
"OXALIPLATIN",0.4,"(0.35, 0.45)","4.78e-67",136860
"BASILIXIMAB",0.4,"(0.28, 0.56)","3.27e-10",136860
"LEVONORGESTREL",0.4,"(0.37, 0.43)","1.36e-242",136860
"ALEMTUZUMAB",0.4,"(0.31, 0.51)","4.07e-17",136860
"BEVACIZUMAB",0.4,"(0.36, 0.43)","9.11e-135",136860
"FLUOROURACIL",0.39,"(0.36, 0.44)","8.50e-95",136860
"LEUCOVORIN",0.39,"(0.34, 0.45)","2.51e-56",136860
"L-CYSTEINE",0.38,"(0.21, 0.64)","2.39e-05",136860
"GEFITINIB",0.38,"(0.3, 0.48)","5.01e-24",136860
"FLUDARABINE",0.38,"(0.32, 0.44)","1.05e-43",136860
"IRINOTECAN",0.38,"(0.32, 0.44)","5.01e-50",136860
"VIGABATRIN",0.37,"(0.2, 0.62)","2.46e-05",136860
"ATOMOXETINE",0.37,"(0.31, 0.42)","1.68e-58",136860
"CLOFARABINE",0.36,"(0.25, 0.51)","4.63e-12",136860
"GEMTUZUMAB OZOGAMICIN",0.36,"(0.25, 0.5)","2.78e-12",136860
"IFOSFAMIDE",0.36,"(0.26, 0.48)","2.46e-15",136860
"PRAMLINTIDE",0.36,"(0.25, 0.5)","2.04e-12",136860
"TOPOTECAN",0.35,"(0.24, 0.5)","7.08e-12",136860
"AZACITIDINE",0.35,"(0.26, 0.46)","3.34e-20",136860
"PROCARBAZINE",0.34,"(0.18, 0.59)","7.76e-06",136860
"CHLORAMBUCIL",0.34,"(0.19, 0.58)","2.59e-06",136860
"ILOPROST",0.34,"(0.24, 0.46)","8.83e-16",136860
"BUTORPHANOL",0.33,"(0.2, 0.52)","7.41e-09",136860
"TIPRANAVIR",0.33,"(0.19, 0.53)","5.91e-08",136860
"EPTIFIBATIDE",0.33,"(0.2, 0.51)","3.27e-09",136860
"PANITUMUMAB",0.33,"(0.25, 0.42)","1.68e-24",136860
"NORELGESTROMIN",0.32,"(0.27, 0.37)","3.98e-79",136860
"IMIGLUCERASE",0.32,"(0.21, 0.46)","2.02e-13",136860
"BENDAMUSTINE",0.31,"(0.22, 0.44)","5.84e-17",136860
"IOPROMIDE",0.31,"(0.2, 0.46)","9.61e-13",136860
"CASPOFUNGIN",0.31,"(0.2, 0.45)","4.04e-13",136860
"MEDROXYPROGESTERONE",0.31,"(0.27, 0.34)","9.89e-157",136860
"CETUXIMAB",0.3,"(0.26, 0.35)","1.17e-88",136860
"CISPLATIN",0.3,"(0.26, 0.33)","2.36e-140",136860
"RIVAROXABAN",0.29,"(0.21, 0.4)","1.87e-21",136860
"GOLIMUMAB",0.29,"(0.21, 0.39)","1.29e-24",136860
"ANAKINRA",0.29,"(0.16, 0.48)","4.84e-09",136860
"MICONAZOLE",0.28,"(0.18, 0.41)","2.91e-16",136860
"EPOPROSTENOL",0.27,"(0.19, 0.38)","5.86e-21",136860
"BOSENTAN",0.27,"(0.23, 0.3)","9.96e-135",136860
"DROTRECOGIN ALFA",0.25,"(0.15, 0.4)","5.10e-14",136860
"BUSULFAN",0.21,"(0.14, 0.3)","3.48e-29",136860
"ABCIXIMAB",0.21,"(0.12, 0.34)","3.12e-16",136860
"MITOMYCIN",0.2,"(0.09, 0.39)","4.80e-10",136860
"PEMETREXED",0.2,"(0.15, 0.25)","4.90e-70",136860
"ZANAMIVIR",0.19,"(0.12, 0.29)","1.39e-24",136860
"TOCILIZUMAB",0.19,"(0.14, 0.26)","6.22e-49",136860
"DIANEAL",0.19,"(0.16, 0.21)","1.27e-242",136860
"RANIBIZUMAB",0.16,"(0.12, 0.2)","6.58e-91",136860
"ICODEXTRIN",0.15,"(0.1, 0.2)","2.99e-64",136860
"PALIVIZUMAB",0.13,"(0.08, 0.2)","3.16e-44",136860
"BIVALIRUDIN",0.13,"(0.05, 0.25)","1.57e-17",136860
"TREPROSTINIL",0.12,"(0.08, 0.18)","2.74e-58",136860
"IBRITUMOMAB",0.11,"(0.04, 0.26)","2.10e-13",136860
"AMBRISENTAN",0.11,"(0.08, 0.14)","8.59e-145",136860
"COAGULATION FACTOR VIIA",0.1,"(0.04, 0.21)","8.08e-23",136860
"DACLIZUMAB",0.1,"(0.03, 0.26)","4.09e-12",136860
"ANTIHEMOPHILIC FACTOR",0.05,"(0.02, 0.1)","2.83e-51",136860
"APROTININ",0.03,"(0.02, 0.06)","3.59e-131",136860
"DOCOSANOL",0.01,"(0, 0.05)","2.37e-59",136860
"Factor IX complex",0,"(0, 0.09)","8.06e-19",136860
"COAGULATION FACTOR IX",0,"(0, 0.09)","8.06e-19",136860
